Date,Developer,Commits,Lines_Added,Lines_Deleted,Files_Changed
2026-02-24,Noah,3,378,14,7
2026-03-01,Olivia,8,192,47,13
2026-01-14,Ivy,10,131,26,3
2026-02-16,Jack,4,229,62,6
2026-02-19,Liam,8,433,50,8
2026-01-28,Frank,2,191,45,11
2026-02-21,Henry,5,456,99,10
2026-02-27,Tom,10,162,29,8
2026-02-11,Mia,2,452,73,3
2026-01-30,Rachel,1,134,88,4
2026-02-09,Tom,2,319,68,11
2026-02-11,Alice,7,211,62,6
2026-01-14,Peter,6,157,62,15
2026-01-20,Grace,10,194,76,2
2026-01-03,Sam,7,258,92,2
2026-02-03,Tom,4,170,32,13
2026-02-04,Ivy,4,231,141,2
2026-02-14,Alice,6,291,81,3
2026-01-25,Emma,10,146,56,3
2026-02-03,Mia,7,398,43,8
2026-02-04,David,6,238,32,10
2026-01-19,Olivia,6,438,56,14
2026-01-25,Sam,7,372,85,12
2026-01-18,Emma,8,359,81,5
2026-02-12,Frank,10,466,71,1
2026-02-11,Bob,5,309,72,5
2026-02-10,Olivia,5,219,51,3
2026-02-03,Sam,6,308,16,2
2026-02-16,Alice,8,179,51,14
2026-02-05,Ivy,8,346,55,4
2026-02-04,Alice,2,178,111,15
2026-02-24,Sophia,9,302,128,6
2026-02-05,Sophia,9,144,26,11
2026-02-19,Frank,9,349,50,13
2026-02-15,Peter,9,334,92,5
2026-01-25,Charlie,9,216,50,13
2026-02-25,Kevin,6,217,69,14
2026-01-09,Emma,8,135,89,12
2026-02-23,Liam,4,448,102,6
2026-02-18,Sophia,5,131,12,13
2026-02-21,David,10,201,44,11
2026-02-20,Olivia,9,496,85,5
2026-01-23,Peter,6,381,106,7
2026-01-07,Olivia,7,205,94,15
2026-03-02,Ivy,3,209,52,5
2026-02-16,Rachel,4,470,42,11
2026-01-11,Mia,2,235,42,9
2026-01-11,Henry,4,440,94,1
2026-01-25,Grace,7,460,64,9
2026-02-13,Olivia,4,129,76,6
2026-01-14,Peter,2,335,24,11
2026-02-24,Rachel,1,462,71,1
2026-02-22,Noah,7,89,128,3
2026-02-12,Sophia,1,191,145,2
2026-02-11,Alice,9,259,91,4
2026-02-07,Alice,6,387,80,11
2026-01-20,Kevin,8,455,69,3
2026-01-15,Frank,8,132,65,8
2026-02-24,Frank,9,101,96,9
2026-02-20,David,2,422,81,11
2026-02-28,Noah,7,322,81,5
2026-02-18,Alice,5,370,51,7
2026-01-23,David,8,205,78,11
2026-02-08,Mia,5,78,82,14
2026-01-20,Jack,8,60,41,12
2026-01-31,Tom,1,139,137,11
2026-01-02,David,3,215,105,9
2026-01-22,Charlie,1,439,80,3
2026-01-16,Grace,7,202,78,10
2026-01-18,Grace,3,133,64,8
2026-02-07,Henry,1,130,11,9
2026-01-31,Alice,9,388,27,14
2026-01-20,Sophia,4,389,135,9
2026-01-05,Sophia,3,333,40,6
2026-01-31,David,4,59,110,12
2026-01-26,Rachel,6,99,31,14
2026-01-31,Alice,5,214,21,5
2026-01-19,Grace,8,400,137,4
2026-02-19,Sophia,6,303,97,1
2026-01-28,Noah,4,285,40,5
2026-02-07,Sophia,3,305,23,12
2026-02-02,Peter,10,138,118,13
2026-02-09,Mia,9,280,55,4
2026-01-01,Mia,3,67,112,6
2026-01-14,Tom,9,69,114,12
2026-01-03,Sam,9,166,29,12
2026-01-03,Mia,4,486,23,8
2026-02-18,Alice,3,331,111,12
2026-01-05,Mia,6,268,106,15
2026-02-21,Sam,2,350,114,11
2026-02-23,Olivia,9,339,78,8
2026-02-02,Sam,1,302,54,10
2026-01-10,Alice,4,296,128,5
2026-01-24,Jack,10,94,89,7
2026-01-05,Noah,7,55,72,15
2026-01-16,Charlie,9,279,28,9
2026-02-03,Charlie,8,493,121,6
2026-02-04,Tom,10,425,79,1
2026-01-20,Frank,2,436,65,12
2026-02-09,David,1,221,47,7
2026-02-22,Emma,10,194,58,3
2026-02-13,Kevin,5,137,88,15
2026-02-15,Sam,9,171,70,8
2026-02-05,Noah,7,457,32,10
2026-01-23,Frank,7,79,145,13
2026-02-16,Liam,6,189,128,5
2026-01-29,Charlie,6,174,16,12
2026-01-27,Peter,10,492,125,7
2026-02-21,Mia,1,83,114,6
2026-02-25,Olivia,2,389,81,10
2026-02-15,Peter,2,260,38,5
2026-01-18,Alice,1,73,81,6
2026-01-15,Grace,8,131,19,2
2026-01-15,Sophia,2,75,25,3
2026-02-07,Jack,3,136,64,15
2026-01-10,Mia,2,258,128,4
2026-02-21,Ivy,6,236,69,4
2026-01-14,Henry,1,492,18,3
2026-02-05,Tom,5,61,144,10
2026-01-18,Alice,1,117,50,8
2026-02-22,Kevin,8,56,94,1
2026-01-11,Frank,2,420,132,7
2026-02-26,Mia,1,127,76,3
2026-02-28,Alice,6,180,45,10
2026-02-26,Grace,2,244,124,1
2026-02-07,Mia,3,234,51,6
2026-01-26,Frank,5,404,41,9
2026-02-23,Charlie,10,481,82,2
2026-02-02,Tom,6,186,16,8
2026-02-07,Sam,10,109,129,1
2026-02-24,Ivy,7,317,94,3
2026-01-01,Grace,3,102,14,9
2026-02-05,Rachel,9,215,82,3
2026-01-18,Tom,10,173,149,12
2026-02-24,Henry,5,156,146,9
2026-02-08,Jack,2,224,36,10
2026-01-04,Peter,6,309,82,4
2026-01-07,Emma,5,225,35,10
2026-01-25,Henry,3,144,120,7
2026-01-31,Rachel,3,315,10,5
2026-02-10,Emma,7,497,102,6
2026-02-28,Jack,9,412,131,6
2026-01-17,Peter,1,385,29,15
2026-01-31,Tom,4,447,102,14
2026-01-24,Kevin,9,305,31,6
2026-01-01,Kevin,3,73,148,12
2026-01-20,Liam,5,368,35,15
2026-01-08,Sam,2,110,61,2
2026-01-18,Alice,1,334,50,13
2026-01-20,Kevin,4,363,109,7
2026-01-18,Sam,6,131,14,13
2026-01-29,Noah,7,238,114,5
2026-01-02,Kevin,4,497,110,8
2026-01-02,Emma,3,264,40,13
2026-02-09,Sophia,5,193,29,13
2026-02-11,Emma,5,200,81,10
2026-01-12,Sam,9,119,16,9
2026-01-30,Sam,3,229,37,10
2026-02-01,Tom,7,360,79,11
2026-02-28,Kevin,5,370,83,3
2026-02-22,Rachel,5,177,111,5
2026-01-22,Henry,2,110,131,13
2026-01-31,Sophia,9,282,41,12
2026-01-25,Peter,5,236,57,12
2026-02-03,Noah,6,372,128,15
2026-01-17,Sam,2,217,101,2
2026-01-08,Peter,1,444,31,13
2026-02-16,Charlie,3,330,14,5
2026-01-09,Kevin,2,372,50,4
2026-01-24,Noah,8,201,109,6
2026-01-15,Emma,1,104,137,1
2026-01-19,Frank,8,361,66,5
2026-01-22,Sophia,10,410,14,9
2026-01-27,Rachel,6,59,130,4
2026-02-01,Ivy,7,459,135,3
2026-02-23,Emma,2,226,68,1
2026-02-14,Sam,5,315,142,11
2026-01-13,Tom,6,69,144,13
2026-01-12,Henry,2,455,33,1
2026-01-17,Tom,2,129,41,4
2026-02-06,Alice,2,311,40,15
2026-02-21,Sophia,5,372,71,11
2026-02-06,Peter,4,368,121,1
2026-01-26,Jack,8,187,103,7
2026-02-05,Alice,2,274,78,12
2026-01-09,Jack,3,88,104,8
2026-02-13,Mia,5,215,104,7
2026-01-08,Peter,2,308,48,13
2026-01-04,David,7,205,123,1
2026-01-18,Peter,7,267,74,15
2026-01-31,Ivy,6,71,105,1
2026-03-01,Rachel,2,63,134,4
2026-01-25,Tom,8,480,39,6
2026-02-15,Frank,5,96,29,7
2026-01-11,Charlie,2,294,50,6
2026-03-01,Peter,6,259,131,14
2026-01-17,Ivy,7,494,85,15
2026-02-13,Liam,2,72,30,5
2026-02-15,Noah,2,278,63,12
2026-01-03,Mia,2,419,142,8
2026-01-15,Noah,6,137,145,13
2026-03-01,Sam,6,122,77,12
2026-01-11,Ivy,6,429,129,5
2026-02-16,Henry,5,326,137,9
2026-01-20,Frank,5,209,26,11
2026-01-31,Jack,5,497,21,12
2026-01-21,David,2,377,87,13
2026-02-11,Kevin,8,438,147,9
2026-01-09,Olivia,10,96,57,5
2026-02-19,Sam,10,435,140,5
2026-01-07,Sam,5,282,78,11
2026-01-04,Charlie,4,244,136,15
2026-01-31,Peter,5,153,52,13
2026-02-03,Rachel,4,424,97,13
2026-02-14,Henry,2,127,18,10
2026-02-24,Ivy,2,313,127,10
2026-01-16,Emma,5,214,115,7
2026-02-02,Noah,6,292,143,15
2026-01-07,Henry,5,417,17,14
2026-01-28,David,4,55,99,13
2026-02-11,David,10,187,90,12
2026-02-01,Ivy,1,325,73,14
2026-02-22,Sam,1,496,53,5
2026-01-15,Rachel,6,365,81,9
2026-01-21,Henry,2,490,125,14
2026-02-09,Jack,10,119,145,14
2026-02-25,Tom,7,301,59,9
2026-01-22,Rachel,9,361,36,9
2026-02-26,David,9,411,107,11
2026-02-28,Sam,5,208,77,12
2026-02-01,Tom,4,385,65,6
2026-02-18,Kevin,1,315,54,1
2026-01-31,Alice,4,322,94,12
2026-02-20,Jack,7,490,33,13
2026-02-17,Sophia,3,406,12,1
2026-02-24,Alice,2,121,75,15
2026-02-27,Frank,2,402,113,4
2026-02-22,Emma,7,269,145,3
2026-01-18,Olivia,2,52,90,11
2026-02-15,Frank,1,164,101,11
2026-01-14,Liam,1,97,41,11
2026-02-25,Peter,8,223,72,8
2026-02-19,Kevin,2,236,102,10
2026-02-03,Bob,2,119,71,6
2026-01-31,Frank,9,280,90,15
2026-01-19,Liam,9,157,18,4
2026-02-07,Liam,2,274,86,15
2026-01-10,Charlie,10,305,79,5
2026-01-10,Henry,5,479,62,14
2026-01-12,Frank,10,220,55,3
2026-02-02,Noah,3,173,94,12
2026-01-13,Henry,10,319,59,11
2026-02-14,Peter,2,210,52,4
2026-01-16,Olivia,1,208,67,7
2026-01-04,Peter,2,430,75,13
2026-02-06,Emma,9,364,110,7
2026-01-08,Rachel,3,167,95,2
2026-01-09,Charlie,9,54,123,14
2026-02-15,Mia,1,116,101,7
2026-03-01,Kevin,8,116,45,12
2026-01-01,Liam,3,97,40,15
2026-01-21,Alice,5,323,47,11
2026-01-23,Bob,8,187,69,1
2026-01-21,Ivy,6,341,23,12
2026-02-16,David,6,163,33,4
2026-01-02,Peter,2,172,16,14
2026-01-25,Sam,2,200,40,10
2026-01-10,Jack,8,407,51,4
2026-02-01,Grace,1,312,139,11
2026-01-17,Noah,10,312,24,12
2026-01-13,Liam,7,196,49,12
2026-02-01,Ivy,6,134,109,10
2026-01-14,Jack,3,175,69,11
2026-02-21,Mia,9,296,111,13
2026-01-29,Jack,9,115,91,10
2026-01-10,Tom,8,401,69,1
2026-01-30,Sam,7,114,51,4
2026-01-26,Olivia,10,406,44,8
2026-02-06,Charlie,9,152,35,3
2026-02-15,Tom,1,256,31,4
2026-01-06,Sophia,9,214,42,10
2026-01-12,Bob,1,59,32,9
2026-01-27,Emma,8,84,69,6
2026-01-27,Bob,7,161,83,7
2026-01-08,Ivy,4,225,91,15
2026-01-30,Sam,4,253,87,12
2026-02-22,Charlie,8,65,135,15
2026-01-27,Henry,7,272,112,7
2026-02-01,Jack,9,196,15,8
2026-02-22,Tom,8,213,113,4
2026-02-22,Tom,4,254,28,14
2026-01-26,Alice,7,81,114,14
2026-01-27,Kevin,1,415,37,6
2026-01-04,Olivia,2,387,113,9
2026-02-10,Mia,1,193,135,5
2026-01-10,Liam,9,56,66,8
2026-01-18,Bob,2,126,88,11
2026-01-12,Alice,3,68,102,3
2026-02-25,Sam,7,251,133,12
2026-02-07,Kevin,9,456,51,2
2026-02-08,David,1,131,54,9
2026-01-10,Rachel,10,76,93,1
2026-01-22,Rachel,7,381,128,14
2026-02-03,Rachel,5,202,27,10
2026-02-17,Ivy,7,400,119,5
2026-01-20,Sophia,2,342,85,14
2026-02-03,Liam,1,93,51,2
2026-01-05,Emma,3,497,98,13
2026-01-06,Grace,10,209,20,1
2026-01-06,Sam,10,364,32,14
2026-01-23,Bob,7,435,93,3
2026-03-01,Olivia,1,199,143,11
2026-02-27,Rachel,9,468,137,1
2026-01-04,Tom,10,105,31,7
2026-02-07,Kevin,10,345,117,11
2026-01-08,Noah,3,217,95,3
2026-01-15,Mia,4,306,44,12
2026-01-24,Sam,10,328,129,4
2026-01-18,Rachel,6,268,124,11
2026-02-27,Emma,8,398,89,15
2026-02-14,Peter,9,327,62,6
2026-01-12,Alice,10,192,141,7
2026-02-24,Jack,3,176,40,9
2026-01-23,Liam,4,260,88,14
2026-02-26,Frank,2,330,94,5
2026-02-07,Alice,7,283,105,15
2026-01-24,Bob,8,308,79,4
2026-02-14,Ivy,2,84,16,1
2026-02-18,Mia,9,252,107,2
2026-01-26,Alice,4,309,84,11
2026-01-05,Grace,5,218,139,3
2026-02-07,Henry,8,362,149,9
2026-01-22,Ivy,3,284,13,10
2026-02-20,Emma,4,360,79,15
2026-02-25,Sophia,4,222,12,3
2026-01-25,Noah,7,183,76,11
2026-01-10,Tom,3,179,39,9
2026-01-31,David,3,163,135,1
2026-02-07,Charlie,6,82,87,6
2026-02-08,Rachel,9,410,39,8
2026-01-13,Frank,7,472,50,8
2026-01-28,Rachel,4,241,47,8
2026-01-30,Mia,8,419,36,15
2026-01-09,Sam,7,458,63,14
2026-01-20,Frank,6,396,46,15
2026-01-06,Sophia,7,183,141,3
2026-01-06,Ivy,9,53,40,2
2026-01-20,Charlie,6,497,19,6
2026-02-21,Kevin,6,156,44,4
2026-01-19,Sophia,2,206,50,8
2026-01-20,Tom,8,495,30,12
2026-01-13,Emma,2,323,117,10
2026-02-21,Jack,9,425,116,11
2026-02-12,Mia,8,107,54,4
2026-02-19,Jack,6,258,113,3
2026-02-13,Emma,5,456,95,1
2026-02-25,Jack,3,349,56,4
2026-01-03,Jack,1,220,18,11
2026-02-20,Frank,10,211,78,15
2026-02-12,Sam,7,494,16,11
2026-03-02,Grace,5,353,67,9
2026-02-27,Henry,5,95,141,3
2026-02-15,Bob,9,56,27,1
2026-01-31,Peter,9,261,67,2
2026-01-31,Frank,8,471,50,5
2026-02-17,Sophia,10,60,83,11
2026-01-08,Rachel,8,228,68,13
2026-01-10,Jack,5,182,133,14
2026-01-10,Tom,7,499,86,10
2026-01-18,Emma,1,259,86,14
2026-01-18,David,8,93,133,13
2026-02-23,Ivy,6,335,144,7
2026-02-26,Jack,4,68,78,5
2026-01-25,Ivy,9,75,48,2
2026-02-13,Peter,1,332,94,8
2026-01-08,Bob,2,425,50,6
2026-01-06,Bob,7,290,101,13
2026-02-16,Henry,9,441,136,8
2026-02-03,Charlie,10,260,45,2
2026-01-21,Tom,4,347,121,3
2026-01-23,Ivy,5,408,111,7
2026-02-19,Emma,3,259,120,5
2026-01-22,Bob,8,105,126,12
2026-01-18,Peter,3,217,129,8
2026-02-10,Noah,5,355,46,2
2026-01-05,Emma,10,289,47,8
2026-03-02,Emma,1,231,60,10
2026-01-28,Bob,8,127,27,11
2026-02-16,Noah,10,392,106,3
2026-01-14,Henry,7,125,126,1
2026-02-21,Peter,5,183,113,3
2026-02-11,Mia,8,452,148,15
2026-01-27,Liam,8,371,141,9
2026-01-18,Peter,8,295,118,2
2026-01-05,Emma,6,418,126,6
2026-01-01,Charlie,5,406,11,1
2026-01-26,Rachel,1,483,48,9
2026-02-11,Olivia,3,237,99,3
2026-01-29,Bob,9,421,134,2
2026-01-19,Sophia,5,98,104,8
2026-02-28,Charlie,4,439,22,6
2026-03-02,Sam,4,405,126,1
2026-02-13,Noah,7,157,130,4
2026-01-21,Grace,4,268,46,1
2026-01-04,Jack,6,193,76,10
2026-01-07,Tom,7,115,20,13
2026-01-22,Rachel,6,407,73,4
2026-02-28,David,2,289,75,4
2026-01-18,Jack,5,346,120,15
2026-01-13,Mia,10,447,19,7
2026-02-05,Sophia,1,439,149,15
2026-01-17,Noah,9,339,34,3
2026-01-17,Sam,9,383,30,15
2026-01-20,Tom,5,200,114,10
2026-01-03,Noah,9,210,122,14
2026-01-27,Emma,8,500,102,10
2026-02-02,Sam,7,491,125,6
2026-02-12,Jack,10,397,137,13
2026-02-17,Sam,1,226,133,2
2026-01-21,Noah,10,55,22,6
2026-02-10,Liam,2,86,143,13
2026-01-12,Olivia,2,164,16,14
2026-01-16,Grace,8,106,147,1
2026-02-21,Sam,1,115,127,13
2026-01-21,Henry,9,281,51,13
2026-02-09,Frank,6,292,87,10
2026-01-20,Jack,7,421,16,3
2026-01-24,Liam,8,95,122,4
2026-02-24,Alice,10,100,43,2
2026-01-17,Grace,7,482,29,15
2026-01-23,Liam,4,171,18,4
2026-01-24,Liam,2,204,144,8
2026-02-14,Liam,7,475,13,9
2026-01-06,Frank,5,384,44,13
2026-01-30,Bob,8,250,135,5
2026-01-05,Rachel,7,81,78,9
2026-02-10,Liam,6,324,128,12
2026-02-19,Sam,6,435,133,5
2026-01-23,Kevin,9,108,24,15
2026-02-09,Sam,7,357,68,15
2026-02-07,Grace,6,422,36,6
2026-02-12,Emma,3,484,38,6
2026-01-01,Rachel,10,262,111,8
2026-02-12,Noah,2,392,87,9
2026-02-13,Emma,9,77,49,8
2026-02-28,Tom,6,289,27,13
2026-02-24,Alice,8,198,31,3
2026-02-11,Bob,7,483,125,1
2026-01-11,Kevin,3,137,149,3
2026-02-05,Bob,2,488,146,10
2026-01-31,Grace,4,294,24,5
2026-01-14,Jack,1,389,122,15
2026-02-02,Olivia,9,391,25,1
2026-01-26,David,2,449,122,3
2026-01-04,Peter,5,61,11,2
2026-01-28,Noah,4,290,114,7
2026-02-11,Jack,6,98,34,9
2026-02-04,Ivy,9,261,97,7
2026-02-07,Jack,4,141,122,10
2026-02-22,Ivy,1,498,150,8
2026-02-16,Sam,6,54,36,4
2026-02-16,Rachel,5,173,14,6
2026-03-02,Liam,8,286,10,14
2026-02-27,Sam,3,341,62,13
2026-02-23,Charlie,6,91,25,7
2026-02-17,Henry,5,216,130,4
2026-01-20,Jack,5,157,28,13
2026-02-27,Sam,7,375,107,15
2026-01-03,Mia,8,404,60,15
2026-02-18,Henry,3,307,109,9
2026-01-04,Peter,5,113,92,8
2026-02-03,Noah,10,68,131,5
2026-02-07,Liam,6,137,144,9
2026-02-22,Bob,2,256,27,1
2026-02-08,Frank,2,180,131,8
2026-02-17,Bob,9,314,64,11
2026-02-24,Frank,1,228,43,9
2026-01-31,Henry,3,251,136,3
2026-02-23,Grace,10,416,146,12
2026-01-18,Frank,7,410,61,15
2026-01-06,Henry,8,52,56,12
2026-01-28,Alice,10,227,131,1
2026-01-08,Sophia,3,447,20,14
2026-01-03,Noah,4,132,59,10
2026-01-12,Jack,6,451,130,14
2026-01-03,Sam,4,302,139,10
2026-01-30,David,3,477,93,2
2026-01-25,Sam,2,377,116,6
2026-03-01,Ivy,6,109,53,1
2026-01-24,Liam,3,458,30,9
2026-01-03,Henry,7,116,94,6
2026-01-21,Kevin,10,364,80,8
2026-02-17,Tom,8,225,133,9
2026-02-20,Sam,2,465,137,1
2026-02-26,Peter,5,406,62,6
2026-02-20,Olivia,9,453,41,14
2026-01-30,Rachel,8,67,133,4
2026-01-11,David,5,70,88,6
2026-02-18,Grace,8,338,51,14
2026-01-29,Frank,3,418,125,6
2026-01-01,Olivia,6,280,24,8
2026-02-01,Grace,2,331,68,1
2026-01-01,David,10,84,18,5
2026-03-01,Bob,4,249,48,8
2026-01-01,Noah,9,339,122,8
2026-02-24,Peter,7,240,43,4
2026-01-06,Henry,7,201,23,10
2026-02-27,Sophia,3,331,142,7
2026-02-01,Grace,8,287,105,15
2026-01-11,Sophia,9,142,138,11
2026-01-16,Noah,5,403,19,2
2026-01-06,Charlie,10,209,109,8
2026-01-13,Peter,2,274,119,15
2026-02-20,Alice,7,79,28,12
2026-02-24,Emma,9,72,84,5
2026-01-14,Noah,4,318,45,2
2026-02-22,Mia,3,252,19,7
2026-02-18,Henry,5,280,121,10
2026-01-28,Ivy,3,431,46,3
2026-01-01,Tom,10,349,61,9
2026-02-27,Grace,4,203,145,9
2026-02-17,Ivy,3,461,130,13
2026-01-23,Ivy,6,417,132,2
2026-02-25,Kevin,9,122,77,14
2026-02-15,Kevin,2,472,65,9
2026-02-21,David,6,110,96,7
2026-03-01,Olivia,6,432,81,14
2026-01-19,Tom,8,181,68,8
2026-02-12,Ivy,9,169,17,3
2026-01-07,Noah,4,174,130,4
2026-01-20,Jack,7,270,19,12
2026-01-14,Jack,4,222,37,12
2026-01-05,Jack,9,157,112,3
2026-01-20,Peter,9,219,41,1
2026-02-13,Henry,6,447,124,5
2026-01-09,Olivia,9,225,50,11
2026-02-04,Mia,5,84,59,7
2026-01-22,Liam,6,69,81,10
2026-01-09,Noah,6,81,97,3
2026-01-20,Kevin,3,373,54,11
2026-01-08,David,8,409,141,7
2026-02-27,Sam,4,483,118,15
2026-02-17,Grace,4,320,144,10
2026-01-25,Bob,3,462,72,3
2026-03-02,Liam,2,370,102,5
2026-01-17,Olivia,10,177,128,1
2026-01-17,Bob,2,434,128,15
2026-01-22,Noah,9,356,146,3
2026-02-08,Sophia,8,249,72,8
2026-01-24,Frank,7,308,96,4
2026-02-17,Kevin,7,340,120,5
2026-02-28,Henry,7,142,46,15
2026-01-11,Grace,3,299,17,2
2026-01-26,Sophia,6,259,36,4
2026-02-16,Liam,4,358,139,10
2026-02-28,Kevin,6,161,66,15
2026-02-17,Olivia,7,457,73,4
2026-01-26,Grace,4,66,139,12
2026-01-22,Emma,3,371,103,7
2026-02-25,Grace,7,409,44,9
2026-02-06,Grace,9,341,83,5
2026-01-08,Jack,3,50,139,12
2026-01-06,Sophia,10,354,15,15
2026-01-18,Ivy,10,178,37,6
2026-01-05,Frank,4,382,55,7
2026-02-10,David,8,264,29,1
2026-01-20,Mia,9,193,40,3
2026-01-13,Jack,5,280,100,2
2026-01-03,Grace,8,325,137,12
2026-02-22,Grace,3,216,142,9
2026-01-06,Rachel,7,113,100,15
2026-02-11,Olivia,9,278,41,8
2026-02-28,Jack,5,68,28,4
2026-01-23,Charlie,10,229,122,5
2026-01-05,Jack,5,297,123,4
2026-02-10,Rachel,4,50,106,10
2026-01-21,Mia,9,221,137,4
2026-01-19,Rachel,4,368,33,14
2026-02-26,Rachel,4,488,33,13
2026-01-25,Liam,10,317,99,7
2026-02-25,Grace,7,198,63,9
2026-01-20,Sophia,8,494,37,11
2026-01-28,Sam,3,382,120,2
2026-02-13,Sophia,5,211,133,9
2026-01-01,Frank,1,378,94,4
2026-02-05,Peter,7,69,33,4
2026-02-01,Ivy,8,60,12,3
2026-01-29,Liam,6,67,94,5
2026-02-20,David,1,118,134,10
2026-01-17,Emma,5,498,59,5
2026-02-17,Bob,1,185,40,2
2026-02-15,Jack,9,195,59,11
2026-01-14,Sam,2,339,51,11
2026-01-26,Mia,8,143,119,5
2026-01-20,Emma,8,142,115,15
2026-02-27,Noah,2,446,122,9
2026-02-02,Liam,4,304,67,12
2026-02-17,Mia,7,154,118,15
2026-02-26,Peter,8,420,54,10
2026-01-01,Alice,10,189,137,2
2026-01-25,Frank,4,210,149,14
2026-01-22,Emma,1,403,39,2
2026-02-19,Frank,6,405,35,6
2026-02-03,Tom,1,281,99,4
2026-01-15,Charlie,8,227,140,1
2026-02-03,David,8,261,115,15
2026-01-25,Tom,8,54,122,14
2026-01-19,Sophia,3,94,12,15
2026-02-24,Tom,5,304,105,13
2026-01-01,Sam,3,478,139,4
2026-02-03,Alice,1,386,143,12
2026-01-23,Charlie,6,263,70,13
2026-01-07,Alice,1,465,145,13
2026-02-28,David,6,282,12,10
2026-01-18,Ivy,1,346,96,1
2026-02-22,Noah,10,409,121,10
2026-01-20,Grace,6,394,21,10
2026-01-06,Henry,1,300,54,3
2026-01-07,Alice,5,369,36,1
2026-01-12,Sophia,5,318,116,11
2026-03-01,Ivy,5,229,58,11
2026-01-26,David,5,169,121,8
2026-02-28,Frank,4,131,96,9
2026-02-06,Henry,1,493,144,9
2026-02-06,Grace,9,452,85,13
2026-02-13,Grace,2,187,48,6
2026-02-08,Henry,8,324,10,14
2026-01-28,Noah,5,260,126,7
2026-01-02,Alice,4,244,72,1
2026-01-18,Olivia,7,195,132,9
2026-02-04,Sam,10,393,137,3
2026-02-18,Jack,3,483,131,15
2026-02-02,Liam,10,462,51,8
2026-02-19,Noah,5,68,103,8
2026-01-27,Peter,4,240,55,3
2026-03-01,Alice,1,485,64,14
2026-01-09,Jack,2,286,126,8
2026-02-14,Frank,7,263,42,1
2026-02-13,Grace,4,446,149,6
2026-01-30,Jack,7,337,38,2
2026-02-07,Emma,6,316,49,3
2026-02-15,Jack,9,479,123,6
2026-02-26,Emma,10,306,53,9
2026-02-15,Liam,5,51,55,9
2026-01-17,Tom,2,456,82,2
2026-01-11,Alice,6,276,43,10
2026-01-22,Jack,3,377,111,6
2026-01-07,Sam,10,152,106,3
2026-01-31,Liam,9,96,14,3
2026-02-03,Olivia,5,367,83,13
2026-01-24,Mia,9,495,81,10
2026-01-29,Noah,6,133,23,6
2026-02-16,Noah,3,472,18,11
2026-01-15,Liam,5,82,47,15
2026-01-15,Jack,5,153,13,11
2026-02-20,Grace,4,288,96,7
2026-02-09,Emma,2,316,19,2
2026-01-18,Kevin,1,210,140,8
2026-01-06,Grace,5,363,127,11
2026-02-12,Olivia,2,395,43,12
2026-01-07,Sophia,10,456,57,6
2026-01-30,Olivia,6,368,82,2
2026-02-27,Henry,2,195,18,3
2026-02-17,Jack,7,362,15,7
2026-01-22,Rachel,4,206,103,5
2026-02-01,Peter,8,116,46,7
2026-01-25,Peter,3,63,29,4
2026-03-01,Liam,1,209,62,13
2026-01-25,Olivia,5,431,61,5
2026-03-01,Liam,4,418,108,5
2026-02-04,Peter,5,335,41,6
2026-01-20,Sophia,6,336,22,15
2026-01-01,Emma,6,331,57,3
2026-01-20,Rachel,10,175,84,8
2026-02-23,Olivia,9,64,92,13
2026-02-28,Alice,5,457,79,14
2026-01-06,David,10,205,54,11
2026-03-02,Peter,10,190,91,1
2026-02-13,Sam,8,219,90,11
2026-03-01,Henry,1,489,87,7
2026-01-31,Olivia,1,80,82,12
2026-01-19,Emma,8,289,102,11
2026-01-20,Sophia,2,228,44,12
2026-01-08,Charlie,1,92,28,6
2026-01-15,Sam,4,250,90,9
2026-02-24,Henry,10,306,54,3
2026-01-07,Rachel,7,494,107,4
2026-02-03,Mia,9,72,33,15
2026-02-25,Charlie,6,390,34,8
2026-01-21,Noah,8,221,85,5
2026-01-25,Sophia,8,339,100,10
2026-02-18,Charlie,10,369,22,4
2026-02-09,Ivy,8,478,129,1
2026-02-22,Kevin,1,122,135,7
2026-01-30,Henry,7,176,16,14
2026-02-11,Sophia,5,137,19,1
2026-01-28,Bob,1,250,71,2
2026-01-22,Liam,10,461,103,14
2026-02-27,Emma,2,227,115,9
2026-01-28,Frank,9,113,23,3
2026-01-13,Tom,2,296,82,8
2026-01-18,Frank,8,476,112,14
2026-03-01,Liam,4,487,56,1
2026-02-08,Sam,9,492,44,8
2026-01-20,Liam,6,287,127,5
2026-01-19,Emma,7,333,147,12
2026-02-03,Rachel,10,164,10,10
2026-01-14,Bob,8,361,113,11
2026-02-27,David,8,254,13,3
2026-01-02,Rachel,6,240,93,15
2026-01-19,Tom,3,319,100,5
2026-01-06,Noah,2,121,72,3
2026-02-24,Rachel,4,388,147,6
2026-01-21,Emma,1,236,87,7
2026-01-04,Frank,5,66,23,7
2026-03-02,Olivia,2,474,24,8
2026-01-25,Noah,10,386,41,15
2026-02-13,Liam,9,488,116,9
2026-02-21,Noah,1,60,147,15
2026-01-21,Bob,5,481,85,15
2026-01-06,Sophia,3,199,86,4
2026-02-05,Olivia,3,398,67,4
2026-01-24,Jack,2,356,71,9
2026-01-13,Grace,3,442,143,9
2026-01-29,Olivia,3,378,128,8
2026-02-09,Jack,10,461,80,13
2026-01-02,Emma,9,139,24,8
2026-01-20,Liam,2,272,29,15
2026-01-02,Kevin,5,382,58,15
2026-01-22,Tom,9,436,119,3
2026-02-15,Olivia,8,405,81,2
2026-01-22,Henry,9,155,141,1
2026-01-28,Frank,3,420,42,15
2026-02-09,Peter,7,450,98,8
2026-02-17,Bob,7,352,73,7
2026-02-12,Liam,9,150,144,8
2026-01-13,Sophia,2,88,142,2
2026-03-01,Olivia,10,63,44,1
2026-02-08,Olivia,5,298,15,2
2026-01-02,Alice,8,304,75,15
2026-02-06,Ivy,3,300,96,4
2026-02-17,David,6,203,42,2
2026-02-10,Liam,8,293,16,10
2026-02-25,Charlie,10,328,146,3
2026-01-02,Alice,7,60,93,5
2026-01-20,Olivia,2,167,15,9
2026-01-20,Liam,10,250,59,3
2026-01-22,Noah,9,421,147,15
2026-02-05,Alice,9,420,73,12
2026-01-22,Sophia,4,450,20,11
2026-02-11,Grace,3,227,112,4
2026-02-12,Liam,5,355,113,14
2026-02-24,Mia,5,475,75,6
2026-02-05,Rachel,1,85,21,4
2026-03-02,Henry,6,314,117,5
2026-02-11,Mia,8,116,61,12
2026-01-26,Grace,10,100,125,10
2026-01-05,Mia,3,120,139,2
2026-01-17,Emma,9,317,30,10
2026-02-05,Jack,9,65,65,8
2026-02-08,Ivy,1,448,25,8
2026-01-22,Rachel,7,186,66,14
2026-02-07,Noah,8,86,27,12
2026-02-06,Liam,1,104,68,8
2026-01-14,Rachel,4,319,149,7
2026-01-02,Ivy,4,481,88,11
2026-02-18,Sam,10,87,74,5
2026-01-08,Noah,9,101,40,4
2026-02-13,Grace,5,214,116,3
2026-01-13,David,4,100,86,1
2026-01-07,Tom,7,189,87,6
2026-01-16,Frank,6,60,20,15
2026-01-19,Peter,2,448,11,8
2026-01-23,David,8,72,102,9
2026-02-24,Liam,7,123,36,3
2026-02-26,Olivia,8,85,110,12
2026-02-28,David,8,295,107,4
2026-01-20,Sam,7,363,12,11
2026-01-31,Tom,1,367,32,8
2026-01-06,Kevin,3,423,104,15
2026-03-02,Peter,7,248,13,15
2026-01-03,Tom,3,197,57,8
2026-02-24,Peter,5,71,110,5
2026-01-20,Tom,5,51,39,15
2026-01-21,Bob,7,68,71,5
2026-01-30,Bob,9,378,140,11
2026-02-22,Mia,3,220,41,13
2026-03-02,Mia,8,470,40,5
2026-03-02,Sam,10,213,81,3
2026-01-25,Peter,8,57,24,7
2026-01-13,Jack,7,473,13,8
2026-01-22,Jack,10,74,19,8
2026-02-07,Noah,8,76,142,6
2026-02-27,Rachel,8,318,57,10
2026-01-12,Henry,2,243,126,14
2026-01-12,Grace,1,136,52,12
2026-01-10,Henry,7,83,14,10
2026-01-15,Mia,6,195,39,12
2026-01-27,Rachel,2,182,60,13
2026-01-03,Alice,10,95,113,5
2026-01-14,Noah,2,213,11,4
2026-02-08,Charlie,5,81,76,8
2026-02-26,Charlie,1,189,99,6
2026-01-10,David,5,475,46,13
2026-02-09,Tom,2,348,116,2
2026-02-18,Noah,9,71,52,5
2026-02-13,Henry,7,110,49,5
2026-02-22,Rachel,7,82,132,2
2026-03-01,Liam,10,328,64,2
2026-02-06,Tom,6,408,54,11
2026-01-19,Henry,4,392,59,13
2026-02-12,Charlie,1,445,119,4
2026-02-21,Rachel,8,238,77,13
2026-02-06,Sophia,4,491,116,5
2026-01-29,Jack,10,230,50,15
2026-01-21,Tom,7,170,124,12
2026-02-25,Kevin,8,428,59,13
2026-02-21,Henry,8,391,104,11
2026-02-22,Jack,2,229,76,10
2026-01-27,Noah,9,429,17,15
2026-02-16,Emma,8,441,112,9
2026-02-14,Mia,6,204,73,8
2026-02-24,Mia,10,285,69,14
2026-01-13,Jack,6,185,33,5
2026-02-23,Tom,6,315,86,11
2026-01-18,Tom,7,100,86,8
2026-01-04,Frank,3,199,38,7
2026-02-13,Bob,8,66,86,7
2026-02-15,Frank,5,84,62,14
2026-01-01,David,6,394,58,6
2026-01-18,Sam,5,281,17,2
2026-02-25,Sam,7,198,141,15
2026-02-11,Liam,5,487,39,2
2026-02-08,Rachel,8,218,139,3
2026-01-03,Noah,7,82,31,2
2026-02-15,Charlie,2,287,90,6
2026-02-23,Grace,8,345,55,5
2026-02-07,Jack,7,301,70,2
2026-02-03,Ivy,4,112,60,4
2026-02-14,Alice,2,461,39,1
2026-03-01,Jack,4,332,57,12
2026-02-22,Ivy,1,377,11,4
2026-02-07,Jack,2,122,31,5
2026-02-23,Mia,3,106,141,13
2026-02-08,Henry,3,59,49,12
2026-01-24,Alice,2,249,19,11
2026-02-11,Grace,5,425,107,11
2026-01-12,Mia,6,127,93,6
2026-01-31,Mia,5,418,97,9
2026-02-01,Alice,10,158,104,10
2026-01-07,Charlie,3,411,92,14
2026-01-07,Sam,10,81,120,7
2026-02-02,Sophia,3,76,71,12
2026-01-27,Mia,4,245,10,7
2026-01-24,Peter,9,118,113,9
2026-01-05,Tom,9,126,84,9
2026-02-21,Tom,6,172,28,8
2026-01-01,Alice,4,498,118,8
2026-02-19,Frank,8,352,90,12
2026-02-22,Emma,10,415,33,1
2026-01-19,Olivia,3,465,94,5
2026-01-11,Liam,3,267,24,6
2026-01-24,Charlie,4,125,73,11
2026-01-04,Sam,8,245,16,13
2026-01-01,Ivy,7,164,116,5
2026-01-27,Ivy,6,453,89,11
2026-02-27,Sophia,9,295,43,15
2026-02-07,Frank,9,446,19,7
2026-02-27,Liam,8,301,56,1
2026-02-28,Ivy,2,96,74,3
2026-02-27,Noah,6,486,111,6
2026-02-02,David,6,89,86,14
2026-02-06,Emma,6,71,12,6
2026-02-20,David,2,113,92,6
2026-02-28,Emma,2,346,39,11
2026-02-14,Charlie,7,285,58,15
2026-01-15,Grace,5,185,127,12
2026-02-13,Alice,7,480,68,2
2026-01-20,Sam,10,283,63,6
2026-02-15,Sophia,4,466,121,6
2026-02-03,Noah,6,110,95,9
2026-01-27,Kevin,4,419,124,9
2026-01-25,Liam,1,498,45,3
2026-01-13,Sam,8,64,104,9
2026-01-17,Jack,2,155,133,11
2026-02-09,Tom,8,154,66,11
2026-01-05,Liam,8,349,95,9
2026-02-22,Sophia,5,250,128,8
2026-02-23,Emma,8,368,117,1
2026-01-04,Rachel,2,359,60,6
2026-02-17,Sophia,9,85,58,4
2026-01-23,Sophia,10,222,136,7
2026-01-17,Ivy,10,245,145,8
2026-03-01,Sophia,10,192,92,12
2026-01-09,Olivia,1,92,121,6
2026-02-26,Noah,3,58,24,13
2026-01-05,Peter,6,72,32,12
2026-02-28,Kevin,10,264,147,12
2026-02-01,Olivia,3,430,98,15
2026-02-05,Emma,6,440,110,15
2026-01-11,Peter,6,195,69,13
2026-01-26,Olivia,10,445,47,9
2026-01-30,Grace,2,61,101,6
2026-02-22,Ivy,8,212,82,6
2026-01-22,Jack,1,316,91,8
2026-02-28,Charlie,7,142,113,1
2026-01-25,Olivia,9,377,55,2
2026-02-17,Bob,1,59,150,14
2026-01-28,Rachel,7,268,133,2
2026-02-25,Charlie,4,54,19,5
2026-02-17,Tom,8,326,122,12
2026-02-19,Noah,8,116,108,8
2026-02-05,Peter,2,436,50,8
2026-01-13,Charlie,4,225,30,10
2026-02-07,Ivy,9,57,102,6
2026-01-24,Jack,2,120,44,4
2026-02-17,Sam,2,224,100,5
2026-02-21,Rachel,10,279,31,12
2026-01-10,Grace,7,86,140,2
2026-01-03,Alice,3,245,104,7
2026-02-20,Olivia,1,193,32,13
2026-01-21,Peter,10,204,58,2
2026-01-15,Grace,4,226,45,9
2026-01-11,Grace,5,468,139,5
2026-02-18,Olivia,9,134,43,15
2026-02-05,Grace,5,69,19,12
2026-02-02,Emma,4,56,73,1
2026-01-05,Frank,9,240,70,3
2026-02-06,Jack,9,472,53,1
2026-02-19,Sophia,4,119,67,3
2026-01-17,Emma,10,436,114,11
2026-01-15,Liam,6,99,128,8
2026-03-02,Henry,9,157,116,13
2026-02-25,Mia,4,207,75,11
2026-01-09,Grace,8,99,146,4
2026-01-24,Rachel,1,64,54,14
2026-02-22,Charlie,10,496,44,13
2026-02-25,Rachel,2,207,27,1
2026-02-23,Ivy,3,297,87,15
2026-02-17,Grace,3,331,69,1
2026-02-17,Grace,8,189,57,5
2026-02-19,Rachel,8,77,60,2
2026-01-18,David,6,152,33,8
2026-01-05,Mia,6,62,70,6
2026-01-10,Ivy,4,192,46,13
2026-03-01,Charlie,5,402,138,4
2026-02-10,Peter,3,369,33,15
2026-01-24,Tom,7,465,37,15
2026-01-30,Charlie,6,401,121,14
2026-01-19,Alice,6,143,41,6
2026-01-06,Tom,8,272,23,7
2026-02-13,Liam,10,179,91,3
2026-02-16,Grace,6,462,99,15
2026-01-03,Emma,6,108,132,7
2026-01-27,Emma,9,127,61,1
2026-01-30,Grace,8,363,68,4
2026-01-10,Henry,7,364,143,6
2026-01-30,Tom,6,187,146,6
2026-01-14,Mia,8,160,35,6
2026-01-05,Sam,1,411,113,6
2026-02-28,Frank,9,333,22,3
2026-02-01,Tom,2,374,78,14
2026-03-02,Bob,7,159,12,4
2026-01-27,Henry,4,308,150,6
2026-02-09,Rachel,6,179,17,14
2026-02-23,Jack,9,134,114,15
2026-02-24,Grace,1,358,14,4
2026-01-02,David,6,274,86,12
2026-01-14,Charlie,10,79,69,11
2026-01-25,Tom,1,338,82,7
2026-02-18,Mia,8,492,17,14
2026-02-08,Noah,5,439,104,15
2026-01-18,Noah,3,438,69,3
2026-01-14,Frank,4,497,62,13
2026-02-24,David,9,178,111,5
2026-01-14,Jack,1,58,36,1
2026-01-02,Peter,3,434,47,8
2026-01-01,Rachel,1,134,95,6
2026-01-15,David,9,402,62,7
2026-02-13,Tom,10,112,17,3
2026-02-01,Alice,1,362,13,5
2026-02-17,Olivia,3,480,115,4
2026-01-24,Bob,7,194,31,4
2026-01-04,Alice,9,290,31,14
2026-02-15,Frank,10,421,120,10
2026-01-31,Olivia,9,385,77,14
2026-02-24,Noah,8,365,65,12
2026-02-09,Jack,4,309,47,1
2026-01-17,Emma,7,155,56,14
2026-02-10,Peter,2,452,59,15
2026-01-27,Ivy,8,186,76,7
2026-01-14,Charlie,10,79,131,4
2026-01-11,Kevin,1,208,128,8
2026-01-08,Jack,4,452,136,11
2026-01-03,Jack,7,122,123,6
2026-01-27,Rachel,8,79,34,12
2026-02-05,Kevin,1,185,93,13
2026-02-27,David,2,78,69,10
2026-01-04,Henry,3,376,103,6
2026-01-14,Olivia,4,336,26,14
