Document,Status,Last_Updated,Completion_Percentage
Design Document,Missing,2026-02-26,85
README,Missing,2026-02-2,33
User Manual,Complete,2026-02-7,24
Design Document,Complete,2026-05-18,35
Test Documentation,Complete,2026-02-25,20
User Manual,Complete,2026-01-2,73
API Documentation,Complete,2026-04-8,49
Test Documentation,Missing,2026-04-13,51
API Documentation,Complete,2026-06-25,34
API Documentation,Missing,2026-02-4,52
API Documentation,Incomplete,2026-01-24,39
Design Document,Missing,2026-06-8,77
API Documentation,Missing,2026-04-27,52
Design Document,Incomplete,2026-04-14,93
README,Missing,2026-06-6,31
Design Document,Incomplete,2026-04-18,24
Test Documentation,Missing,2026-03-25,60
API Documentation,Incomplete,2026-03-13,95
Design Document,Missing,2026-03-27,40
User Manual,Complete,2026-03-14,50
README,Complete,2026-01-13,59
Test Documentation,Complete,2026-04-9,100
Test Documentation,Incomplete,2026-02-21,48
Design Document,Incomplete,2026-01-19,29
Test Documentation,Incomplete,2026-03-24,50
Test Documentation,Complete,2026-02-3,76
Test Documentation,Missing,2026-01-16,72
API Documentation,Missing,2026-03-24,52
Test Documentation,Complete,2026-04-22,32
README,Complete,2026-01-2,100
Design Document,Complete,2026-02-28,32
API Documentation,Complete,2026-05-18,99
Design Document,Incomplete,2026-06-24,40
API Documentation,Missing,2026-01-21,30
Test Documentation,Missing,2026-01-25,98
README,Complete,2026-01-15,55
Test Documentation,Complete,2026-04-14,42
README,Incomplete,2026-01-24,51
User Manual,Incomplete,2026-05-13,69
API Documentation,Incomplete,2026-03-8,60
Test Documentation,Incomplete,2026-02-11,74
API Documentation,Missing,2026-03-28,53
Design Document,Missing,2026-04-21,68
User Manual,Incomplete,2026-01-12,98
README,Incomplete,2026-05-6,73
README,Missing,2026-05-12,74
README,Incomplete,2026-06-5,81
Test Documentation,Complete,2026-02-9,39
README,Missing,2026-05-9,71
Test Documentation,Incomplete,2026-04-25,44
README,Missing,2026-05-16,95
User Manual,Missing,2026-03-19,95
API Documentation,Complete,2026-06-4,56
API Documentation,Complete,2026-03-4,99
Test Documentation,Complete,2026-03-2,34
API Documentation,Incomplete,2026-01-7,65
Test Documentation,Incomplete,2026-06-11,66
API Documentation,Missing,2026-06-21,90
API Documentation,Missing,2026-05-5,38
API Documentation,Incomplete,2026-03-20,47
Test Documentation,Missing,2026-05-21,89
README,Complete,2026-05-4,30
README,Complete,2026-03-26,74
Test Documentation,Incomplete,2026-01-11,90
Test Documentation,Complete,2026-06-7,87
User Manual,Incomplete,2026-02-14,100
Test Documentation,Missing,2026-02-24,20
README,Missing,2026-05-11,88
User Manual,Incomplete,2026-03-9,54
Design Document,Missing,2026-05-16,26
README,Complete,2026-05-12,73
Test Documentation,Incomplete,2026-01-1,76
User Manual,Incomplete,2026-06-4,45
Test Documentation,Complete,2026-01-18,22
Test Documentation,Incomplete,2026-05-24,20
Test Documentation,Missing,2026-06-7,72
README,Missing,2026-02-23,41
Test Documentation,Incomplete,2026-06-23,31
API Documentation,Complete,2026-03-25,64
Test Documentation,Incomplete,2026-05-26,63
README,Complete,2026-05-27,93
API Documentation,Missing,2026-06-1,20
API Documentation,Complete,2026-06-5,30
Test Documentation,Incomplete,2026-05-8,100
API Documentation,Incomplete,2026-04-13,31
Test Documentation,Complete,2026-03-5,33
Test Documentation,Complete,2026-04-25,62
README,Missing,2026-03-10,33
API Documentation,Complete,2026-06-13,66
README,Complete,2026-05-25,65
Design Document,Incomplete,2026-04-25,93
Design Document,Missing,2026-06-3,40
API Documentation,Complete,2026-05-12,52
README,Incomplete,2026-05-5,72
README,Complete,2026-05-15,98
User Manual,Missing,2026-01-14,37
User Manual,Missing,2026-01-12,76
README,Incomplete,2026-03-21,82
README,Complete,2026-06-18,22
User Manual,Incomplete,2026-01-7,64
